"TIME","GEO","UNIT","SECTOR","INDIC_NA","Value","Flag and Footnotes"
"1995","European Union (27 countries)","Percentage of GDP","General government","Net lending (+)/Net borrowing (-) under the EDP (Excessive Deficit Procedure)",":",""
"1996","European Union (27 countries)","Percentage of GDP","General government","Net lending (+)/Net borrowing (-) under the EDP (Excessive Deficit Procedure)",":",""
"1997","European Union (27 countries)","Percentage of GDP","General government","Net lending (+)/Net borrowing (-) under the EDP (Excessive Deficit Procedure)","-2.7",""
"1998","European Union (27 countries)","Percentage of GDP","General government","Net lending (+)/Net borrowing (-) under the EDP (Excessive Deficit Procedure)","-1.9",""
"1999","European Union (27 countries)","Percentage of GDP","General government","Net lending (+)/Net borrowing (-) under the EDP (Excessive Deficit Procedure)","-1.0",""
"2000","European Union (27 countries)","Percentage of GDP","General government","Net lending (+)/Net borrowing (-) under the EDP (Excessive Deficit Procedure)","0.6",""
"2001","European Union (27 countries)","Percentage of GDP","General government","Net lending (+)/Net borrowing (-) under the EDP (Excessive Deficit Procedure)","-1.5",""
"2002","European Union (27 countries)","Percentage of GDP","General government","Net lending (+)/Net borrowing (-) under the EDP (Excessive Deficit Procedure)","-2.6",""
"2003","European Union (27 countries)","Percentage of GDP","General government","Net lending (+)/Net borrowing (-) under the EDP (Excessive Deficit Procedure)","-3.2",""
"2004","European Union (27 countries)","Percentage of GDP","General government","Net lending (+)/Net borrowing (-) under the EDP (Excessive Deficit Procedure)","-2.9",""
"2005","European Union (27 countries)","Percentage of GDP","General government","Net lending (+)/Net borrowing (-) under the EDP (Excessive Deficit Procedure)","-2.5",""
"2006","European Union (27 countries)","Percentage of GDP","General government","Net lending (+)/Net borrowing (-) under the EDP (Excessive Deficit Procedure)","-1.5",""
"2007","European Union (27 countries)","Percentage of GDP","General government","Net lending (+)/Net borrowing (-) under the EDP (Excessive Deficit Procedure)","-0.9",""
"2008","European Union (27 countries)","Percentage of GDP","General government","Net lending (+)/Net borrowing (-) under the EDP (Excessive Deficit Procedure)","-2.4",""
"2009","European Union (27 countries)","Percentage of GDP","General government","Net lending (+)/Net borrowing (-) under the EDP (Excessive Deficit Procedure)","-6.9",""
"2010","European Union (27 countries)","Percentage of GDP","General government","Net lending (+)/Net borrowing (-) under the EDP (Excessive Deficit Procedure)","-6.5",""
"2011","European Union (27 countries)","Percentage of GDP","General government","Net lending (+)/Net borrowing (-) under the EDP (Excessive Deficit Procedure)","-4.4",""
"1995","European Union (25 countries)","Percentage of GDP","General government","Net lending (+)/Net borrowing (-) under the EDP (Excessive Deficit Procedure)","-7.2",""
"1996","European Union (25 countries)","Percentage of GDP","General government","Net lending (+)/Net borrowing (-) under the EDP (Excessive Deficit Procedure)","-4.2",""
"1997","European Union (25 countries)","Percentage of GDP","General government","Net lending (+)/Net borrowing (-) under the EDP (Excessive Deficit Procedure)","-2.7",""
"1998","European Union (25 countries)","Percentage of GDP","General government","Net lending (+)/Net borrowing (-) under the EDP (Excessive Deficit Procedure)","-1.9",""
"1999","European Union (25 countries)","Percentage of GDP","General government","Net lending (+)/Net borrowing (-) under the EDP (Excessive Deficit Procedure)","-1.0",""
"2000","European Union (25 countries)","Percentage of GDP","General government","Net lending (+)/Net borrowing (-) under the EDP (Excessive Deficit Procedure)","0.6",""
"2001","European Union (25 countries)","Percentage of GDP","General government","Net lending (+)/Net borrowing (-) under the EDP (Excessive Deficit Procedure)","-1.5",""
"2002","European Union (25 countries)","Percentage of GDP","General government","Net lending (+)/Net borrowing (-) under the EDP (Excessive Deficit Procedure)","-2.6",""
"2003","European Union (25 countries)","Percentage of GDP","General government","Net lending (+)/Net borrowing (-) under the EDP (Excessive Deficit Procedure)","-3.2",""
"2004","European Union (25 countries)","Percentage of GDP","General government","Net lending (+)/Net borrowing (-) under the EDP (Excessive Deficit Procedure)","-2.9",""
"2005","European Union (25 countries)","Percentage of GDP","General government","Net lending (+)/Net borrowing (-) under the EDP (Excessive Deficit Procedure)","-2.5",""
"2006","European Union (25 countries)","Percentage of GDP","General government","Net lending (+)/Net borrowing (-) under the EDP (Excessive Deficit Procedure)","-1.5",""
"2007","European Union (25 countries)","Percentage of GDP","General government","Net lending (+)/Net borrowing (-) under the EDP (Excessive Deficit Procedure)","-0.9",""
"2008","European Union (25 countries)","Percentage of GDP","General government","Net lending (+)/Net borrowing (-) under the EDP (Excessive Deficit Procedure)","-2.4",""
"2009","European Union (25 countries)","Percentage of GDP","General government","Net lending (+)/Net borrowing (-) under the EDP (Excessive Deficit Procedure)","-6.9",""
"2010","European Union (25 countries)","Percentage of GDP","General government","Net lending (+)/Net borrowing (-) under the EDP (Excessive Deficit Procedure)","-6.5",""
"2011","European Union (25 countries)","Percentage of GDP","General government","Net lending (+)/Net borrowing (-) under the EDP (Excessive Deficit Procedure)","-4.4",""
"1995","Euro area (17 countries)","Percentage of GDP","General government","Net lending (+)/Net borrowing (-) under the EDP (Excessive Deficit Procedure)","-7.5",""
"1996","Euro area (17 countries)","Percentage of GDP","General government","Net lending (+)/Net borrowing (-) under the EDP (Excessive Deficit Procedure)","-4.3",""
"1997","Euro area (17 countries)","Percentage of GDP","General government","Net lending (+)/Net borrowing (-) under the EDP (Excessive Deficit Procedure)","-2.8",""
"1998","Euro area (17 countries)","Percentage of GDP","General government","Net lending (+)/Net borrowing (-) under the EDP (Excessive Deficit Procedure)","-2.3",""
"1999","Euro area (17 countries)","Percentage of GDP","General government","Net lending (+)/Net borrowing (-) under the EDP (Excessive Deficit Procedure)","-1.5",""
"2000","Euro area (17 countries)","Percentage of GDP","General government","Net lending (+)/Net borrowing (-) under the EDP (Excessive Deficit Procedure)","-0.1",""
"2001","Euro area (17 countries)","Percentage of GDP","General government","Net lending (+)/Net borrowing (-) under the EDP (Excessive Deficit Procedure)","-1.9",""
"2002","Euro area (17 countries)","Percentage of GDP","General government","Net lending (+)/Net borrowing (-) under the EDP (Excessive Deficit Procedure)","-2.6",""
"2003","Euro area (17 countries)","Percentage of GDP","General government","Net lending (+)/Net borrowing (-) under the EDP (Excessive Deficit Procedure)","-3.1",""
"2004","Euro area (17 countries)","Percentage of GDP","General government","Net lending (+)/Net borrowing (-) under the EDP (Excessive Deficit Procedure)","-2.9",""
"2005","Euro area (17 countries)","Percentage of GDP","General government","Net lending (+)/Net borrowing (-) under the EDP (Excessive Deficit Procedure)","-2.5",""
"2006","Euro area (17 countries)","Percentage of GDP","General government","Net lending (+)/Net borrowing (-) under the EDP (Excessive Deficit Procedure)","-1.3",""
"2007","Euro area (17 countries)","Percentage of GDP","General government","Net lending (+)/Net borrowing (-) under the EDP (Excessive Deficit Procedure)","-0.7",""
"2008","Euro area (17 countries)","Percentage of GDP","General government","Net lending (+)/Net borrowing (-) under the EDP (Excessive Deficit Procedure)","-2.1",""
"2009","Euro area (17 countries)","Percentage of GDP","General government","Net lending (+)/Net borrowing (-) under the EDP (Excessive Deficit Procedure)","-6.3",""
"2010","Euro area (17 countries)","Percentage of GDP","General government","Net lending (+)/Net borrowing (-) under the EDP (Excessive Deficit Procedure)","-6.2",""
"2011","Euro area (17 countries)","Percentage of GDP","General government","Net lending (+)/Net borrowing (-) under the EDP (Excessive Deficit Procedure)","-4.1",""
"1995","Euro area (16 countries)","Percentage of GDP","General government","Net lending (+)/Net borrowing (-) under the EDP (Excessive Deficit Procedure)","-7.5",""
"1996","Euro area (16 countries)","Percentage of GDP","General government","Net lending (+)/Net borrowing (-) under the EDP (Excessive Deficit Procedure)","-4.3",""
"1997","Euro area (16 countries)","Percentage of GDP","General government","Net lending (+)/Net borrowing (-) under the EDP (Excessive Deficit Procedure)","-2.8",""
"1998","Euro area (16 countries)","Percentage of GDP","General government","Net lending (+)/Net borrowing (-) under the EDP (Excessive Deficit Procedure)","-2.3",""
"1999","Euro area (16 countries)","Percentage of GDP","General government","Net lending (+)/Net borrowing (-) under the EDP (Excessive Deficit Procedure)","-1.5",""
"2000","Euro area (16 countries)","Percentage of GDP","General government","Net lending (+)/Net borrowing (-) under the EDP (Excessive Deficit Procedure)","-0.1",""
"2001","Euro area (16 countries)","Percentage of GDP","General government","Net lending (+)/Net borrowing (-) under the EDP (Excessive Deficit Procedure)","-1.9",""
"2002","Euro area (16 countries)","Percentage of GDP","General government","Net lending (+)/Net borrowing (-) under the EDP (Excessive Deficit Procedure)","-2.6",""
"2003","Euro area (16 countries)","Percentage of GDP","General government","Net lending (+)/Net borrowing (-) under the EDP (Excessive Deficit Procedure)","-3.1",""
"2004","Euro area (16 countries)","Percentage of GDP","General government","Net lending (+)/Net borrowing (-) under the EDP (Excessive Deficit Procedure)","-2.9",""
"2005","Euro area (16 countries)","Percentage of GDP","General government","Net lending (+)/Net borrowing (-) under the EDP (Excessive Deficit Procedure)","-2.5",""
"2006","Euro area (16 countries)","Percentage of GDP","General government","Net lending (+)/Net borrowing (-) under the EDP (Excessive Deficit Procedure)","-1.4",""
"2007","Euro area (16 countries)","Percentage of GDP","General government","Net lending (+)/Net borrowing (-) under the EDP (Excessive Deficit Procedure)","-0.7",""
"2008","Euro area (16 countries)","Percentage of GDP","General government","Net lending (+)/Net borrowing (-) under the EDP (Excessive Deficit Procedure)","-2.1",""
"2009","Euro area (16 countries)","Percentage of GDP","General government","Net lending (+)/Net borrowing (-) under the EDP (Excessive Deficit Procedure)","-6.4",""
"2010","Euro area (16 countries)","Percentage of GDP","General government","Net lending (+)/Net borrowing (-) under the EDP (Excessive Deficit Procedure)","-6.2",""
"2011","Euro area (16 countries)","Percentage of GDP","General government","Net lending (+)/Net borrowing (-) under the EDP (Excessive Deficit Procedure)","-4.2",""
"1995","Belgium","Percentage of GDP","General government","Net lending (+)/Net borrowing (-) under the EDP (Excessive Deficit Procedure)","-4.5",""
"1996","Belgium","Percentage of GDP","General government","Net lending (+)/Net borrowing (-) under the EDP (Excessive Deficit Procedure)","-4.0",""
"1997","Belgium","Percentage of GDP","General government","Net lending (+)/Net borrowing (-) under the EDP (Excessive Deficit Procedure)","-2.2",""
"1998","Belgium","Percentage of GDP","General government","Net lending (+)/Net borrowing (-) under the EDP (Excessive Deficit Procedure)","-0.9",""
"1999","Belgium","Percentage of GDP","General government","Net lending (+)/Net borrowing (-) under the EDP (Excessive Deficit Procedure)","-0.6",""
"2000","Belgium","Percentage of GDP","General government","Net lending (+)/Net borrowing (-) under the EDP (Excessive Deficit Procedure)","0.0",""
"2001","Belgium","Percentage of GDP","General government","Net lending (+)/Net borrowing (-) under the EDP (Excessive Deficit Procedure)","0.4",""
"2002","Belgium","Percentage of GDP","General government","Net lending (+)/Net borrowing (-) under the EDP (Excessive Deficit Procedure)","-0.1",""
"2003","Belgium","Percentage of GDP","General government","Net lending (+)/Net borrowing (-) under the EDP (Excessive Deficit Procedure)","-0.1",""
"2004","Belgium","Percentage of GDP","General government","Net lending (+)/Net borrowing (-) under the EDP (Excessive Deficit Procedure)","-0.1",""
"2005","Belgium","Percentage of GDP","General government","Net lending (+)/Net borrowing (-) under the EDP (Excessive Deficit Procedure)","-2.5",""
"2006","Belgium","Percentage of GDP","General government","Net lending (+)/Net borrowing (-) under the EDP (Excessive Deficit Procedure)","0.4",""
"2007","Belgium","Percentage of GDP","General government","Net lending (+)/Net borrowing (-) under the EDP (Excessive Deficit Procedure)","-0.1",""
"2008","Belgium","Percentage of GDP","General government","Net lending (+)/Net borrowing (-) under the EDP (Excessive Deficit Procedure)","-1.0",""
"2009","Belgium","Percentage of GDP","General government","Net lending (+)/Net borrowing (-) under the EDP (Excessive Deficit Procedure)","-5.5",""
"2010","Belgium","Percentage of GDP","General government","Net lending (+)/Net borrowing (-) under the EDP (Excessive Deficit Procedure)","-3.8",""
"2011","Belgium","Percentage of GDP","General government","Net lending (+)/Net borrowing (-) under the EDP (Excessive Deficit Procedure)","-3.7",""
"1995","Bulgaria","Percentage of GDP","General government","Net lending (+)/Net borrowing (-) under the EDP (Excessive Deficit Procedure)",":",""
"1996","Bulgaria","Percentage of GDP","General government","Net lending (+)/Net borrowing (-) under the EDP (Excessive Deficit Procedure)",":",""
"1997","Bulgaria","Percentage of GDP","General government","Net lending (+)/Net borrowing (-) under the EDP (Excessive Deficit Procedure)",":",""
"1998","Bulgaria","Percentage of GDP","General government","Net lending (+)/Net borrowing (-) under the EDP (Excessive Deficit Procedure)","1.2",""
"1999","Bulgaria","Percentage of GDP","General government","Net lending (+)/Net borrowing (-) under the EDP (Excessive Deficit Procedure)","0.1",""
"2000","Bulgaria","Percentage of GDP","General government","Net lending (+)/Net borrowing (-) under the EDP (Excessive Deficit Procedure)","-0.5",""
"2001","Bulgaria","Percentage of GDP","General government","Net lending (+)/Net borrowing (-) under the EDP (Excessive Deficit Procedure)","1.1",""
"2002","Bulgaria","Percentage of GDP","General government","Net lending (+)/Net borrowing (-) under the EDP (Excessive Deficit Procedure)","-1.2",""
"2003","Bulgaria","Percentage of GDP","General government","Net lending (+)/Net borrowing (-) under the EDP (Excessive Deficit Procedure)","-0.4",""
"2004","Bulgaria","Percentage of GDP","General government","Net lending (+)/Net borrowing (-) under the EDP (Excessive Deficit Procedure)","1.9",""
"2005","Bulgaria","Percentage of GDP","General government","Net lending (+)/Net borrowing (-) under the EDP (Excessive Deficit Procedure)","1.0",""
"2006","Bulgaria","Percentage of GDP","General government","Net lending (+)/Net borrowing (-) under the EDP (Excessive Deficit Procedure)","1.9",""
"2007","Bulgaria","Percentage of GDP","General government","Net lending (+)/Net borrowing (-) under the EDP (Excessive Deficit Procedure)","1.2",""
"2008","Bulgaria","Percentage of GDP","General government","Net lending (+)/Net borrowing (-) under the EDP (Excessive Deficit Procedure)","1.7",""
"2009","Bulgaria","Percentage of GDP","General government","Net lending (+)/Net borrowing (-) under the EDP (Excessive Deficit Procedure)","-4.3",""
"2010","Bulgaria","Percentage of GDP","General government","Net lending (+)/Net borrowing (-) under the EDP (Excessive Deficit Procedure)","-3.1",""
"2011","Bulgaria","Percentage of GDP","General government","Net lending (+)/Net borrowing (-) under the EDP (Excessive Deficit Procedure)","-2.0",""
"1995","Czech Republic","Percentage of GDP","General government","Net lending (+)/Net borrowing (-) under the EDP (Excessive Deficit Procedure)","-12.8",""
"1996","Czech Republic","Percentage of GDP","General government","Net lending (+)/Net borrowing (-) under the EDP (Excessive Deficit Procedure)","-3.1",""
"1997","Czech Republic","Percentage of GDP","General government","Net lending (+)/Net borrowing (-) under the EDP (Excessive Deficit Procedure)","-3.6",""
"1998","Czech Republic","Percentage of GDP","General government","Net lending (+)/Net borrowing (-) under the EDP (Excessive Deficit Procedure)","-4.8",""
"1999","Czech Republic","Percentage of GDP","General government","Net lending (+)/Net borrowing (-) under the EDP (Excessive Deficit Procedure)","-3.6",""
"2000","Czech Republic","Percentage of GDP","General government","Net lending (+)/Net borrowing (-) under the EDP (Excessive Deficit Procedure)","-3.6",""
"2001","Czech Republic","Percentage of GDP","General government","Net lending (+)/Net borrowing (-) under the EDP (Excessive Deficit Procedure)","-5.6",""
"2002","Czech Republic","Percentage of GDP","General government","Net lending (+)/Net borrowing (-) under the EDP (Excessive Deficit Procedure)","-6.5",""
"2003","Czech Republic","Percentage of GDP","General government","Net lending (+)/Net borrowing (-) under the EDP (Excessive Deficit Procedure)","-6.7",""
"2004","Czech Republic","Percentage of GDP","General government","Net lending (+)/Net borrowing (-) under the EDP (Excessive Deficit Procedure)","-2.8",""
"2005","Czech Republic","Percentage of GDP","General government","Net lending (+)/Net borrowing (-) under the EDP (Excessive Deficit Procedure)","-3.2",""
"2006","Czech Republic","Percentage of GDP","General government","Net lending (+)/Net borrowing (-) under the EDP (Excessive Deficit Procedure)","-2.4",""
"2007","Czech Republic","Percentage of GDP","General government","Net lending (+)/Net borrowing (-) under the EDP (Excessive Deficit Procedure)","-0.7",""
"2008","Czech Republic","Percentage of GDP","General government","Net lending (+)/Net borrowing (-) under the EDP (Excessive Deficit Procedure)","-2.2",""
"2009","Czech Republic","Percentage of GDP","General government","Net lending (+)/Net borrowing (-) under the EDP (Excessive Deficit Procedure)","-5.8",""
"2010","Czech Republic","Percentage of GDP","General government","Net lending (+)/Net borrowing (-) under the EDP (Excessive Deficit Procedure)","-4.8",""
"2011","Czech Republic","Percentage of GDP","General government","Net lending (+)/Net borrowing (-) under the EDP (Excessive Deficit Procedure)","-3.3",""
"1995","Denmark","Percentage of GDP","General government","Net lending (+)/Net borrowing (-) under the EDP (Excessive Deficit Procedure)","-2.9",""
"1996","Denmark","Percentage of GDP","General government","Net lending (+)/Net borrowing (-) under the EDP (Excessive Deficit Procedure)","-2.0",""
"1997","Denmark","Percentage of GDP","General government","Net lending (+)/Net borrowing (-) under the EDP (Excessive Deficit Procedure)","-0.6",""
"1998","Denmark","Percentage of GDP","General government","Net lending (+)/Net borrowing (-) under the EDP (Excessive Deficit Procedure)","0.0",""
"1999","Denmark","Percentage of GDP","General government","Net lending (+)/Net borrowing (-) under the EDP (Excessive Deficit Procedure)","1.3",""
"2000","Denmark","Percentage of GDP","General government","Net lending (+)/Net borrowing (-) under the EDP (Excessive Deficit Procedure)","2.3",""
"2001","Denmark","Percentage of GDP","General government","Net lending (+)/Net borrowing (-) under the EDP (Excessive Deficit Procedure)","1.5",""
"2002","Denmark","Percentage of GDP","General government","Net lending (+)/Net borrowing (-) under the EDP (Excessive Deficit Procedure)","0.4",""
"2003","Denmark","Percentage of GDP","General government","Net lending (+)/Net borrowing (-) under the EDP (Excessive Deficit Procedure)","0.1",""
"2004","Denmark","Percentage of GDP","General government","Net lending (+)/Net borrowing (-) under the EDP (Excessive Deficit Procedure)","2.1",""
"2005","Denmark","Percentage of GDP","General government","Net lending (+)/Net borrowing (-) under the EDP (Excessive Deficit Procedure)","5.2",""
"2006","Denmark","Percentage of GDP","General government","Net lending (+)/Net borrowing (-) under the EDP (Excessive Deficit Procedure)","5.2",""
"2007","Denmark","Percentage of GDP","General government","Net lending (+)/Net borrowing (-) under the EDP (Excessive Deficit Procedure)","4.8",""
"2008","Denmark","Percentage of GDP","General government","Net lending (+)/Net borrowing (-) under the EDP (Excessive Deficit Procedure)","3.2",""
"2009","Denmark","Percentage of GDP","General government","Net lending (+)/Net borrowing (-) under the EDP (Excessive Deficit Procedure)","-2.7",""
"2010","Denmark","Percentage of GDP","General government","Net lending (+)/Net borrowing (-) under the EDP (Excessive Deficit Procedure)","-2.5",""
"2011","Denmark","Percentage of GDP","General government","Net lending (+)/Net borrowing (-) under the EDP (Excessive Deficit Procedure)","-1.8",""
"1995","Germany (including  former GDR from 1991)","Percentage of GDP","General government","Net lending (+)/Net borrowing (-) under the EDP (Excessive Deficit Procedure)","-9.5",""
"1996","Germany (including  former GDR from 1991)","Percentage of GDP","General government","Net lending (+)/Net borrowing (-) under the EDP (Excessive Deficit Procedure)","-3.4",""
"1997","Germany (including  former GDR from 1991)","Percentage of GDP","General government","Net lending (+)/Net borrowing (-) under the EDP (Excessive Deficit Procedure)","-2.8",""
"1998","Germany (including  former GDR from 1991)","Percentage of GDP","General government","Net lending (+)/Net borrowing (-) under the EDP (Excessive Deficit Procedure)","-2.3",""
"1999","Germany (including  former GDR from 1991)","Percentage of GDP","General government","Net lending (+)/Net borrowing (-) under the EDP (Excessive Deficit Procedure)","-1.6",""
"2000","Germany (including  former GDR from 1991)","Percentage of GDP","General government","Net lending (+)/Net borrowing (-) under the EDP (Excessive Deficit Procedure)","1.1",""
"2001","Germany (including  former GDR from 1991)","Percentage of GDP","General government","Net lending (+)/Net borrowing (-) under the EDP (Excessive Deficit Procedure)","-3.1",""
"2002","Germany (including  former GDR from 1991)","Percentage of GDP","General government","Net lending (+)/Net borrowing (-) under the EDP (Excessive Deficit Procedure)","-3.8",""
"2003","Germany (including  former GDR from 1991)","Percentage of GDP","General government","Net lending (+)/Net borrowing (-) under the EDP (Excessive Deficit Procedure)","-4.2",""
"2004","Germany (including  former GDR from 1991)","Percentage of GDP","General government","Net lending (+)/Net borrowing (-) under the EDP (Excessive Deficit Procedure)","-3.8",""
"2005","Germany (including  former GDR from 1991)","Percentage of GDP","General government","Net lending (+)/Net borrowing (-) under the EDP (Excessive Deficit Procedure)","-3.3",""
"2006","Germany (including  former GDR from 1991)","Percentage of GDP","General government","Net lending (+)/Net borrowing (-) under the EDP (Excessive Deficit Procedure)","-1.6",""
"2007","Germany (including  former GDR from 1991)","Percentage of GDP","General government","Net lending (+)/Net borrowing (-) under the EDP (Excessive Deficit Procedure)","0.2",""
"2008","Germany (including  former GDR from 1991)","Percentage of GDP","General government","Net lending (+)/Net borrowing (-) under the EDP (Excessive Deficit Procedure)","-0.1",""
"2009","Germany (including  former GDR from 1991)","Percentage of GDP","General government","Net lending (+)/Net borrowing (-) under the EDP (Excessive Deficit Procedure)","-3.1",""
"2010","Germany (including  former GDR from 1991)","Percentage of GDP","General government","Net lending (+)/Net borrowing (-) under the EDP (Excessive Deficit Procedure)","-4.1",""
"2011","Germany (including  former GDR from 1991)","Percentage of GDP","General government","Net lending (+)/Net borrowing (-) under the EDP (Excessive Deficit Procedure)","-0.8",""
"1995","Estonia","Percentage of GDP","General government","Net lending (+)/Net borrowing (-) under the EDP (Excessive Deficit Procedure)","1.1",""
"1996","Estonia","Percentage of GDP","General government","Net lending (+)/Net borrowing (-) under the EDP (Excessive Deficit Procedure)","-0.3",""
"1997","Estonia","Percentage of GDP","General government","Net lending (+)/Net borrowing (-) under the EDP (Excessive Deficit Procedure)","2.2",""
"1998","Estonia","Percentage of GDP","General government","Net lending (+)/Net borrowing (-) under the EDP (Excessive Deficit Procedure)","-0.7",""
"1999","Estonia","Percentage of GDP","General government","Net lending (+)/Net borrowing (-) under the EDP (Excessive Deficit Procedure)","-3.5",""
"2000","Estonia","Percentage of GDP","General government","Net lending (+)/Net borrowing (-) under the EDP (Excessive Deficit Procedure)","-0.2",""
"2001","Estonia","Percentage of GDP","General government","Net lending (+)/Net borrowing (-) under the EDP (Excessive Deficit Procedure)","-0.1",""
"2002","Estonia","Percentage of GDP","General government","Net lending (+)/Net borrowing (-) under the EDP (Excessive Deficit Procedure)","0.3",""
"2003","Estonia","Percentage of GDP","General government","Net lending (+)/Net borrowing (-) under the EDP (Excessive Deficit Procedure)","1.7",""
"2004","Estonia","Percentage of GDP","General government","Net lending (+)/Net borrowing (-) under the EDP (Excessive Deficit Procedure)","1.6",""
"2005","Estonia","Percentage of GDP","General government","Net lending (+)/Net borrowing (-) under the EDP (Excessive Deficit Procedure)","1.6",""
"2006","Estonia","Percentage of GDP","General government","Net lending (+)/Net borrowing (-) under the EDP (Excessive Deficit Procedure)","2.5",""
"2007","Estonia","Percentage of GDP","General government","Net lending (+)/Net borrowing (-) under the EDP (Excessive Deficit Procedure)","2.4",""
"2008","Estonia","Percentage of GDP","General government","Net lending (+)/Net borrowing (-) under the EDP (Excessive Deficit Procedure)","-2.9",""
"2009","Estonia","Percentage of GDP","General government","Net lending (+)/Net borrowing (-) under the EDP (Excessive Deficit Procedure)","-2.0",""
"2010","Estonia","Percentage of GDP","General government","Net lending (+)/Net borrowing (-) under the EDP (Excessive Deficit Procedure)","0.2",""
"2011","Estonia","Percentage of GDP","General government","Net lending (+)/Net borrowing (-) under the EDP (Excessive Deficit Procedure)","1.1",""
"1995","Ireland","Percentage of GDP","General government","Net lending (+)/Net borrowing (-) under the EDP (Excessive Deficit Procedure)","-2.2",""
"1996","Ireland","Percentage of GDP","General government","Net lending (+)/Net borrowing (-) under the EDP (Excessive Deficit Procedure)","-0.3",""
"1997","Ireland","Percentage of GDP","General government","Net lending (+)/Net borrowing (-) under the EDP (Excessive Deficit Procedure)","1.0",""
"1998","Ireland","Percentage of GDP","General government","Net lending (+)/Net borrowing (-) under the EDP (Excessive Deficit Procedure)","2.2",""
"1999","Ireland","Percentage of GDP","General government","Net lending (+)/Net borrowing (-) under the EDP (Excessive Deficit Procedure)","2.6",""
"2000","Ireland","Percentage of GDP","General government","Net lending (+)/Net borrowing (-) under the EDP (Excessive Deficit Procedure)","4.7",""
"2001","Ireland","Percentage of GDP","General government","Net lending (+)/Net borrowing (-) under the EDP (Excessive Deficit Procedure)","0.9",""
"2002","Ireland","Percentage of GDP","General government","Net lending (+)/Net borrowing (-) under the EDP (Excessive Deficit Procedure)","-0.4",""
"2003","Ireland","Percentage of GDP","General government","Net lending (+)/Net borrowing (-) under the EDP (Excessive Deficit Procedure)","0.4",""
"2004","Ireland","Percentage of GDP","General government","Net lending (+)/Net borrowing (-) under the EDP (Excessive Deficit Procedure)","1.4",""
"2005","Ireland","Percentage of GDP","General government","Net lending (+)/Net borrowing (-) under the EDP (Excessive Deficit Procedure)","1.7",""
"2006","Ireland","Percentage of GDP","General government","Net lending (+)/Net borrowing (-) under the EDP (Excessive Deficit Procedure)","2.9",""
"2007","Ireland","Percentage of GDP","General government","Net lending (+)/Net borrowing (-) under the EDP (Excessive Deficit Procedure)","0.1",""
"2008","Ireland","Percentage of GDP","General government","Net lending (+)/Net borrowing (-) under the EDP (Excessive Deficit Procedure)","-7.4",""
"2009","Ireland","Percentage of GDP","General government","Net lending (+)/Net borrowing (-) under the EDP (Excessive Deficit Procedure)","-13.9",""
"2010","Ireland","Percentage of GDP","General government","Net lending (+)/Net borrowing (-) under the EDP (Excessive Deficit Procedure)","-30.9",""
"2011","Ireland","Percentage of GDP","General government","Net lending (+)/Net borrowing (-) under the EDP (Excessive Deficit Procedure)","-13.4",""
"1995","Greece","Percentage of GDP","General government","Net lending (+)/Net borrowing (-) under the EDP (Excessive Deficit Procedure)",":",""
"1996","Greece","Percentage of GDP","General government","Net lending (+)/Net borrowing (-) under the EDP (Excessive Deficit Procedure)",":",""
"1997","Greece","Percentage of GDP","General government","Net lending (+)/Net borrowing (-) under the EDP (Excessive Deficit Procedure)",":",""
"1998","Greece","Percentage of GDP","General government","Net lending (+)/Net borrowing (-) under the EDP (Excessive Deficit Procedure)",":",""
"1999","Greece","Percentage of GDP","General government","Net lending (+)/Net borrowing (-) under the EDP (Excessive Deficit Procedure)",":",""
"2000","Greece","Percentage of GDP","General government","Net lending (+)/Net borrowing (-) under the EDP (Excessive Deficit Procedure)","-3.7",""
"2001","Greece","Percentage of GDP","General government","Net lending (+)/Net borrowing (-) under the EDP (Excessive Deficit Procedure)","-4.5",""
"2002","Greece","Percentage of GDP","General government","Net lending (+)/Net borrowing (-) under the EDP (Excessive Deficit Procedure)","-4.8",""
"2003","Greece","Percentage of GDP","General government","Net lending (+)/Net borrowing (-) under the EDP (Excessive Deficit Procedure)","-5.6",""
"2004","Greece","Percentage of GDP","General government","Net lending (+)/Net borrowing (-) under the EDP (Excessive Deficit Procedure)","-7.5",""
"2005","Greece","Percentage of GDP","General government","Net lending (+)/Net borrowing (-) under the EDP (Excessive Deficit Procedure)","-5.2",""
"2006","Greece","Percentage of GDP","General government","Net lending (+)/Net borrowing (-) under the EDP (Excessive Deficit Procedure)","-5.7",""
"2007","Greece","Percentage of GDP","General government","Net lending (+)/Net borrowing (-) under the EDP (Excessive Deficit Procedure)","-6.5",""
"2008","Greece","Percentage of GDP","General government","Net lending (+)/Net borrowing (-) under the EDP (Excessive Deficit Procedure)","-9.8",""
"2009","Greece","Percentage of GDP","General government","Net lending (+)/Net borrowing (-) under the EDP (Excessive Deficit Procedure)","-15.6",""
"2010","Greece","Percentage of GDP","General government","Net lending (+)/Net borrowing (-) under the EDP (Excessive Deficit Procedure)","-10.7",""
"2011","Greece","Percentage of GDP","General government","Net lending (+)/Net borrowing (-) under the EDP (Excessive Deficit Procedure)","-9.4",""
"1995","Spain","Percentage of GDP","General government","Net lending (+)/Net borrowing (-) under the EDP (Excessive Deficit Procedure)","-7.2",""
"1996","Spain","Percentage of GDP","General government","Net lending (+)/Net borrowing (-) under the EDP (Excessive Deficit Procedure)","-5.5",""
"1997","Spain","Percentage of GDP","General government","Net lending (+)/Net borrowing (-) under the EDP (Excessive Deficit Procedure)","-4.0",""
"1998","Spain","Percentage of GDP","General government","Net lending (+)/Net borrowing (-) under the EDP (Excessive Deficit Procedure)","-3.0",""
"1999","Spain","Percentage of GDP","General government","Net lending (+)/Net borrowing (-) under the EDP (Excessive Deficit Procedure)","-1.2",""
"2000","Spain","Percentage of GDP","General government","Net lending (+)/Net borrowing (-) under the EDP (Excessive Deficit Procedure)","-0.9",""
"2001","Spain","Percentage of GDP","General government","Net lending (+)/Net borrowing (-) under the EDP (Excessive Deficit Procedure)","-0.5",""
"2002","Spain","Percentage of GDP","General government","Net lending (+)/Net borrowing (-) under the EDP (Excessive Deficit Procedure)","-0.2",""
"2003","Spain","Percentage of GDP","General government","Net lending (+)/Net borrowing (-) under the EDP (Excessive Deficit Procedure)","-0.3",""
"2004","Spain","Percentage of GDP","General government","Net lending (+)/Net borrowing (-) under the EDP (Excessive Deficit Procedure)","-0.1",""
"2005","Spain","Percentage of GDP","General government","Net lending (+)/Net borrowing (-) under the EDP (Excessive Deficit Procedure)","1.3",""
"2006","Spain","Percentage of GDP","General government","Net lending (+)/Net borrowing (-) under the EDP (Excessive Deficit Procedure)","2.4",""
"2007","Spain","Percentage of GDP","General government","Net lending (+)/Net borrowing (-) under the EDP (Excessive Deficit Procedure)","1.9",""
"2008","Spain","Percentage of GDP","General government","Net lending (+)/Net borrowing (-) under the EDP (Excessive Deficit Procedure)","-4.5",""
"2009","Spain","Percentage of GDP","General government","Net lending (+)/Net borrowing (-) under the EDP (Excessive Deficit Procedure)","-11.2",""
"2010","Spain","Percentage of GDP","General government","Net lending (+)/Net borrowing (-) under the EDP (Excessive Deficit Procedure)","-9.7",""
"2011","Spain","Percentage of GDP","General government","Net lending (+)/Net borrowing (-) under the EDP (Excessive Deficit Procedure)","-9.4",""
"1995","France","Percentage of GDP","General government","Net lending (+)/Net borrowing (-) under the EDP (Excessive Deficit Procedure)","-5.5",""
"1996","France","Percentage of GDP","General government","Net lending (+)/Net borrowing (-) under the EDP (Excessive Deficit Procedure)","-4.0",""
"1997","France","Percentage of GDP","General government","Net lending (+)/Net borrowing (-) under the EDP (Excessive Deficit Procedure)","-3.3",""
"1998","France","Percentage of GDP","General government","Net lending (+)/Net borrowing (-) under the EDP (Excessive Deficit Procedure)","-2.6",""
"1999","France","Percentage of GDP","General government","Net lending (+)/Net borrowing (-) under the EDP (Excessive Deficit Procedure)","-1.8",""
"2000","France","Percentage of GDP","General government","Net lending (+)/Net borrowing (-) under the EDP (Excessive Deficit Procedure)","-1.5",""
"2001","France","Percentage of GDP","General government","Net lending (+)/Net borrowing (-) under the EDP (Excessive Deficit Procedure)","-1.5",""
"2002","France","Percentage of GDP","General government","Net lending (+)/Net borrowing (-) under the EDP (Excessive Deficit Procedure)","-3.1",""
"2003","France","Percentage of GDP","General government","Net lending (+)/Net borrowing (-) under the EDP (Excessive Deficit Procedure)","-4.1",""
"2004","France","Percentage of GDP","General government","Net lending (+)/Net borrowing (-) under the EDP (Excessive Deficit Procedure)","-3.6",""
"2005","France","Percentage of GDP","General government","Net lending (+)/Net borrowing (-) under the EDP (Excessive Deficit Procedure)","-2.9",""
"2006","France","Percentage of GDP","General government","Net lending (+)/Net borrowing (-) under the EDP (Excessive Deficit Procedure)","-2.3",""
"2007","France","Percentage of GDP","General government","Net lending (+)/Net borrowing (-) under the EDP (Excessive Deficit Procedure)","-2.7",""
"2008","France","Percentage of GDP","General government","Net lending (+)/Net borrowing (-) under the EDP (Excessive Deficit Procedure)","-3.3",""
"2009","France","Percentage of GDP","General government","Net lending (+)/Net borrowing (-) under the EDP (Excessive Deficit Procedure)","-7.5",""
"2010","France","Percentage of GDP","General government","Net lending (+)/Net borrowing (-) under the EDP (Excessive Deficit Procedure)","-7.1",""
"2011","France","Percentage of GDP","General government","Net lending (+)/Net borrowing (-) under the EDP (Excessive Deficit Procedure)","-5.2",""
"1995","Italy","Percentage of GDP","General government","Net lending (+)/Net borrowing (-) under the EDP (Excessive Deficit Procedure)","-7.4",""
"1996","Italy","Percentage of GDP","General government","Net lending (+)/Net borrowing (-) under the EDP (Excessive Deficit Procedure)","-7.0",""
"1997","Italy","Percentage of GDP","General government","Net lending (+)/Net borrowing (-) under the EDP (Excessive Deficit Procedure)","-2.7",""
"1998","Italy","Percentage of GDP","General government","Net lending (+)/Net borrowing (-) under the EDP (Excessive Deficit Procedure)","-2.7",""
"1999","Italy","Percentage of GDP","General government","Net lending (+)/Net borrowing (-) under the EDP (Excessive Deficit Procedure)","-1.9",""
"2000","Italy","Percentage of GDP","General government","Net lending (+)/Net borrowing (-) under the EDP (Excessive Deficit Procedure)","-0.8",""
"2001","Italy","Percentage of GDP","General government","Net lending (+)/Net borrowing (-) under the EDP (Excessive Deficit Procedure)","-3.1",""
"2002","Italy","Percentage of GDP","General government","Net lending (+)/Net borrowing (-) under the EDP (Excessive Deficit Procedure)","-3.1",""
"2003","Italy","Percentage of GDP","General government","Net lending (+)/Net borrowing (-) under the EDP (Excessive Deficit Procedure)","-3.6",""
"2004","Italy","Percentage of GDP","General government","Net lending (+)/Net borrowing (-) under the EDP (Excessive Deficit Procedure)","-3.5",""
"2005","Italy","Percentage of GDP","General government","Net lending (+)/Net borrowing (-) under the EDP (Excessive Deficit Procedure)","-4.4",""
"2006","Italy","Percentage of GDP","General government","Net lending (+)/Net borrowing (-) under the EDP (Excessive Deficit Procedure)","-3.4",""
"2007","Italy","Percentage of GDP","General government","Net lending (+)/Net borrowing (-) under the EDP (Excessive Deficit Procedure)","-1.6",""
"2008","Italy","Percentage of GDP","General government","Net lending (+)/Net borrowing (-) under the EDP (Excessive Deficit Procedure)","-2.7",""
"2009","Italy","Percentage of GDP","General government","Net lending (+)/Net borrowing (-) under the EDP (Excessive Deficit Procedure)","-5.4",""
"2010","Italy","Percentage of GDP","General government","Net lending (+)/Net borrowing (-) under the EDP (Excessive Deficit Procedure)","-4.5",""
"2011","Italy","Percentage of GDP","General government","Net lending (+)/Net borrowing (-) under the EDP (Excessive Deficit Procedure)","-3.9",""
"1995","Cyprus","Percentage of GDP","General government","Net lending (+)/Net borrowing (-) under the EDP (Excessive Deficit Procedure)","-0.9",""
"1996","Cyprus","Percentage of GDP","General government","Net lending (+)/Net borrowing (-) under the EDP (Excessive Deficit Procedure)","-3.2",""
"1997","Cyprus","Percentage of GDP","General government","Net lending (+)/Net borrowing (-) under the EDP (Excessive Deficit Procedure)","-5.1",""
"1998","Cyprus","Percentage of GDP","General government","Net lending (+)/Net borrowing (-) under the EDP (Excessive Deficit Procedure)","-4.2",""
"1999","Cyprus","Percentage of GDP","General government","Net lending (+)/Net borrowing (-) under the EDP (Excessive Deficit Procedure)","-4.3",""
"2000","Cyprus","Percentage of GDP","General government","Net lending (+)/Net borrowing (-) under the EDP (Excessive Deficit Procedure)","-2.3",""
"2001","Cyprus","Percentage of GDP","General government","Net lending (+)/Net borrowing (-) under the EDP (Excessive Deficit Procedure)","-2.2",""
"2002","Cyprus","Percentage of GDP","General government","Net lending (+)/Net borrowing (-) under the EDP (Excessive Deficit Procedure)","-4.4",""
"2003","Cyprus","Percentage of GDP","General government","Net lending (+)/Net borrowing (-) under the EDP (Excessive Deficit Procedure)","-6.6",""
"2004","Cyprus","Percentage of GDP","General government","Net lending (+)/Net borrowing (-) under the EDP (Excessive Deficit Procedure)","-4.1",""
"2005","Cyprus","Percentage of GDP","General government","Net lending (+)/Net borrowing (-) under the EDP (Excessive Deficit Procedure)","-2.4",""
"2006","Cyprus","Percentage of GDP","General government","Net lending (+)/Net borrowing (-) under the EDP (Excessive Deficit Procedure)","-1.2",""
"2007","Cyprus","Percentage of GDP","General government","Net lending (+)/Net borrowing (-) under the EDP (Excessive Deficit Procedure)","3.5",""
"2008","Cyprus","Percentage of GDP","General government","Net lending (+)/Net borrowing (-) under the EDP (Excessive Deficit Procedure)","0.9",""
"2009","Cyprus","Percentage of GDP","General government","Net lending (+)/Net borrowing (-) under the EDP (Excessive Deficit Procedure)","-6.1",""
"2010","Cyprus","Percentage of GDP","General government","Net lending (+)/Net borrowing (-) under the EDP (Excessive Deficit Procedure)","-5.3",""
"2011","Cyprus","Percentage of GDP","General government","Net lending (+)/Net borrowing (-) under the EDP (Excessive Deficit Procedure)","-6.3",""
"1995","Latvia","Percentage of GDP","General government","Net lending (+)/Net borrowing (-) under the EDP (Excessive Deficit Procedure)","-1.6",""
"1996","Latvia","Percentage of GDP","General government","Net lending (+)/Net borrowing (-) under the EDP (Excessive Deficit Procedure)","-0.4",""
"1997","Latvia","Percentage of GDP","General government","Net lending (+)/Net borrowing (-) under the EDP (Excessive Deficit Procedure)","1.5",""
"1998","Latvia","Percentage of GDP","General government","Net lending (+)/Net borrowing (-) under the EDP (Excessive Deficit Procedure)","0.0",""
"1999","Latvia","Percentage of GDP","General government","Net lending (+)/Net borrowing (-) under the EDP (Excessive Deficit Procedure)","-3.9",""
"2000","Latvia","Percentage of GDP","General government","Net lending (+)/Net borrowing (-) under the EDP (Excessive Deficit Procedure)","-2.8",""
"2001","Latvia","Percentage of GDP","General government","Net lending (+)/Net borrowing (-) under the EDP (Excessive Deficit Procedure)","-2.0",""
"2002","Latvia","Percentage of GDP","General government","Net lending (+)/Net borrowing (-) under the EDP (Excessive Deficit Procedure)","-2.3",""
"2003","Latvia","Percentage of GDP","General government","Net lending (+)/Net borrowing (-) under the EDP (Excessive Deficit Procedure)","-1.6",""
"2004","Latvia","Percentage of GDP","General government","Net lending (+)/Net borrowing (-) under the EDP (Excessive Deficit Procedure)","-1.0",""
"2005","Latvia","Percentage of GDP","General government","Net lending (+)/Net borrowing (-) under the EDP (Excessive Deficit Procedure)","-0.4",""
"2006","Latvia","Percentage of GDP","General government","Net lending (+)/Net borrowing (-) under the EDP (Excessive Deficit Procedure)","-0.5",""
"2007","Latvia","Percentage of GDP","General government","Net lending (+)/Net borrowing (-) under the EDP (Excessive Deficit Procedure)","-0.4",""
"2008","Latvia","Percentage of GDP","General government","Net lending (+)/Net borrowing (-) under the EDP (Excessive Deficit Procedure)","-4.2",""
"2009","Latvia","Percentage of GDP","General government","Net lending (+)/Net borrowing (-) under the EDP (Excessive Deficit Procedure)","-9.8",""
"2010","Latvia","Percentage of GDP","General government","Net lending (+)/Net borrowing (-) under the EDP (Excessive Deficit Procedure)","-8.1",""
"2011","Latvia","Percentage of GDP","General government","Net lending (+)/Net borrowing (-) under the EDP (Excessive Deficit Procedure)","-3.4",""
"1995","Lithuania","Percentage of GDP","General government","Net lending (+)/Net borrowing (-) under the EDP (Excessive Deficit Procedure)","-1.5",""
"1996","Lithuania","Percentage of GDP","General government","Net lending (+)/Net borrowing (-) under the EDP (Excessive Deficit Procedure)","-3.2",""
"1997","Lithuania","Percentage of GDP","General government","Net lending (+)/Net borrowing (-) under the EDP (Excessive Deficit Procedure)","-11.7",""
"1998","Lithuania","Percentage of GDP","General government","Net lending (+)/Net borrowing (-) under the EDP (Excessive Deficit Procedure)","-3.0",""
"1999","Lithuania","Percentage of GDP","General government","Net lending (+)/Net borrowing (-) under the EDP (Excessive Deficit Procedure)","-2.8",""
"2000","Lithuania","Percentage of GDP","General government","Net lending (+)/Net borrowing (-) under the EDP (Excessive Deficit Procedure)","-3.2",""
"2001","Lithuania","Percentage of GDP","General government","Net lending (+)/Net borrowing (-) under the EDP (Excessive Deficit Procedure)","-3.5",""
"2002","Lithuania","Percentage of GDP","General government","Net lending (+)/Net borrowing (-) under the EDP (Excessive Deficit Procedure)","-1.9",""
"2003","Lithuania","Percentage of GDP","General government","Net lending (+)/Net borrowing (-) under the EDP (Excessive Deficit Procedure)","-1.3",""
"2004","Lithuania","Percentage of GDP","General government","Net lending (+)/Net borrowing (-) under the EDP (Excessive Deficit Procedure)","-1.5",""
"2005","Lithuania","Percentage of GDP","General government","Net lending (+)/Net borrowing (-) under the EDP (Excessive Deficit Procedure)","-0.5",""
"2006","Lithuania","Percentage of GDP","General government","Net lending (+)/Net borrowing (-) under the EDP (Excessive Deficit Procedure)","-0.4",""
"2007","Lithuania","Percentage of GDP","General government","Net lending (+)/Net borrowing (-) under the EDP (Excessive Deficit Procedure)","-1.0",""
"2008","Lithuania","Percentage of GDP","General government","Net lending (+)/Net borrowing (-) under the EDP (Excessive Deficit Procedure)","-3.3",""
"2009","Lithuania","Percentage of GDP","General government","Net lending (+)/Net borrowing (-) under the EDP (Excessive Deficit Procedure)","-9.4",""
"2010","Lithuania","Percentage of GDP","General government","Net lending (+)/Net borrowing (-) under the EDP (Excessive Deficit Procedure)","-7.2",""
"2011","Lithuania","Percentage of GDP","General government","Net lending (+)/Net borrowing (-) under the EDP (Excessive Deficit Procedure)","-5.5",""
"1995","Luxembourg","Percentage of GDP","General government","Net lending (+)/Net borrowing (-) under the EDP (Excessive Deficit Procedure)","2.4",""
"1996","Luxembourg","Percentage of GDP","General government","Net lending (+)/Net borrowing (-) under the EDP (Excessive Deficit Procedure)","1.2",""
"1997","Luxembourg","Percentage of GDP","General government","Net lending (+)/Net borrowing (-) under the EDP (Excessive Deficit Procedure)","3.7",""
"1998","Luxembourg","Percentage of GDP","General government","Net lending (+)/Net borrowing (-) under the EDP (Excessive Deficit Procedure)","3.4",""
"1999","Luxembourg","Percentage of GDP","General government","Net lending (+)/Net borrowing (-) under the EDP (Excessive Deficit Procedure)","3.4",""
"2000","Luxembourg","Percentage of GDP","General government","Net lending (+)/Net borrowing (-) under the EDP (Excessive Deficit Procedure)","6.0",""
"2001","Luxembourg","Percentage of GDP","General government","Net lending (+)/Net borrowing (-) under the EDP (Excessive Deficit Procedure)","6.1",""
"2002","Luxembourg","Percentage of GDP","General government","Net lending (+)/Net borrowing (-) under the EDP (Excessive Deficit Procedure)","2.1",""
"2003","Luxembourg","Percentage of GDP","General government","Net lending (+)/Net borrowing (-) under the EDP (Excessive Deficit Procedure)","0.5",""
"2004","Luxembourg","Percentage of GDP","General government","Net lending (+)/Net borrowing (-) under the EDP (Excessive Deficit Procedure)","-1.1",""
"2005","Luxembourg","Percentage of GDP","General government","Net lending (+)/Net borrowing (-) under the EDP (Excessive Deficit Procedure)","0.0",""
"2006","Luxembourg","Percentage of GDP","General government","Net lending (+)/Net borrowing (-) under the EDP (Excessive Deficit Procedure)","1.4",""
"2007","Luxembourg","Percentage of GDP","General government","Net lending (+)/Net borrowing (-) under the EDP (Excessive Deficit Procedure)","3.7",""
"2008","Luxembourg","Percentage of GDP","General government","Net lending (+)/Net borrowing (-) under the EDP (Excessive Deficit Procedure)","3.2",""
"2009","Luxembourg","Percentage of GDP","General government","Net lending (+)/Net borrowing (-) under the EDP (Excessive Deficit Procedure)","-0.8",""
"2010","Luxembourg","Percentage of GDP","General government","Net lending (+)/Net borrowing (-) under the EDP (Excessive Deficit Procedure)","-0.8",""
"2011","Luxembourg","Percentage of GDP","General government","Net lending (+)/Net borrowing (-) under the EDP (Excessive Deficit Procedure)","-0.3",""
"1995","Hungary","Percentage of GDP","General government","Net lending (+)/Net borrowing (-) under the EDP (Excessive Deficit Procedure)","-8.8",""
"1996","Hungary","Percentage of GDP","General government","Net lending (+)/Net borrowing (-) under the EDP (Excessive Deficit Procedure)","-4.4",""
"1997","Hungary","Percentage of GDP","General government","Net lending (+)/Net borrowing (-) under the EDP (Excessive Deficit Procedure)","-6.0",""
"1998","Hungary","Percentage of GDP","General government","Net lending (+)/Net borrowing (-) under the EDP (Excessive Deficit Procedure)","-8.0",""
"1999","Hungary","Percentage of GDP","General government","Net lending (+)/Net borrowing (-) under the EDP (Excessive Deficit Procedure)","-5.5",""
"2000","Hungary","Percentage of GDP","General government","Net lending (+)/Net borrowing (-) under the EDP (Excessive Deficit Procedure)","-3.0",""
"2001","Hungary","Percentage of GDP","General government","Net lending (+)/Net borrowing (-) under the EDP (Excessive Deficit Procedure)","-4.1",""
"2002","Hungary","Percentage of GDP","General government","Net lending (+)/Net borrowing (-) under the EDP (Excessive Deficit Procedure)","-9.0",""
"2003","Hungary","Percentage of GDP","General government","Net lending (+)/Net borrowing (-) under the EDP (Excessive Deficit Procedure)","-7.3",""
"2004","Hungary","Percentage of GDP","General government","Net lending (+)/Net borrowing (-) under the EDP (Excessive Deficit Procedure)","-6.5",""
"2005","Hungary","Percentage of GDP","General government","Net lending (+)/Net borrowing (-) under the EDP (Excessive Deficit Procedure)","-7.9",""
"2006","Hungary","Percentage of GDP","General government","Net lending (+)/Net borrowing (-) under the EDP (Excessive Deficit Procedure)","-9.4",""
"2007","Hungary","Percentage of GDP","General government","Net lending (+)/Net borrowing (-) under the EDP (Excessive Deficit Procedure)","-5.1",""
"2008","Hungary","Percentage of GDP","General government","Net lending (+)/Net borrowing (-) under the EDP (Excessive Deficit Procedure)","-3.7",""
"2009","Hungary","Percentage of GDP","General government","Net lending (+)/Net borrowing (-) under the EDP (Excessive Deficit Procedure)","-4.6",""
"2010","Hungary","Percentage of GDP","General government","Net lending (+)/Net borrowing (-) under the EDP (Excessive Deficit Procedure)","-4.4",""
"2011","Hungary","Percentage of GDP","General government","Net lending (+)/Net borrowing (-) under the EDP (Excessive Deficit Procedure)","4.3",""
"1995","Malta","Percentage of GDP","General government","Net lending (+)/Net borrowing (-) under the EDP (Excessive Deficit Procedure)","-3.8",""
"1996","Malta","Percentage of GDP","General government","Net lending (+)/Net borrowing (-) under the EDP (Excessive Deficit Procedure)","-8.2",""
"1997","Malta","Percentage of GDP","General government","Net lending (+)/Net borrowing (-) under the EDP (Excessive Deficit Procedure)","-7.7",""
"1998","Malta","Percentage of GDP","General government","Net lending (+)/Net borrowing (-) under the EDP (Excessive Deficit Procedure)","-10.0",""
"1999","Malta","Percentage of GDP","General government","Net lending (+)/Net borrowing (-) under the EDP (Excessive Deficit Procedure)","-7.2",""
"2000","Malta","Percentage of GDP","General government","Net lending (+)/Net borrowing (-) under the EDP (Excessive Deficit Procedure)","-5.8",""
"2001","Malta","Percentage of GDP","General government","Net lending (+)/Net borrowing (-) under the EDP (Excessive Deficit Procedure)","-6.4",""
"2002","Malta","Percentage of GDP","General government","Net lending (+)/Net borrowing (-) under the EDP (Excessive Deficit Procedure)","-5.8",""
"2003","Malta","Percentage of GDP","General government","Net lending (+)/Net borrowing (-) under the EDP (Excessive Deficit Procedure)","-9.2",""
"2004","Malta","Percentage of GDP","General government","Net lending (+)/Net borrowing (-) under the EDP (Excessive Deficit Procedure)","-4.7",""
"2005","Malta","Percentage of GDP","General government","Net lending (+)/Net borrowing (-) under the EDP (Excessive Deficit Procedure)","-2.9",""
"2006","Malta","Percentage of GDP","General government","Net lending (+)/Net borrowing (-) under the EDP (Excessive Deficit Procedure)","-2.8",""
"2007","Malta","Percentage of GDP","General government","Net lending (+)/Net borrowing (-) under the EDP (Excessive Deficit Procedure)","-2.3",""
"2008","Malta","Percentage of GDP","General government","Net lending (+)/Net borrowing (-) under the EDP (Excessive Deficit Procedure)","-4.6",""
"2009","Malta","Percentage of GDP","General government","Net lending (+)/Net borrowing (-) under the EDP (Excessive Deficit Procedure)","-3.9",""
"2010","Malta","Percentage of GDP","General government","Net lending (+)/Net borrowing (-) under the EDP (Excessive Deficit Procedure)","-3.6",""
"2011","Malta","Percentage of GDP","General government","Net lending (+)/Net borrowing (-) under the EDP (Excessive Deficit Procedure)","-2.7",""
"1995","Netherlands","Percentage of GDP","General government","Net lending (+)/Net borrowing (-) under the EDP (Excessive Deficit Procedure)","-9.2",""
"1996","Netherlands","Percentage of GDP","General government","Net lending (+)/Net borrowing (-) under the EDP (Excessive Deficit Procedure)","-1.9",""
"1997","Netherlands","Percentage of GDP","General government","Net lending (+)/Net borrowing (-) under the EDP (Excessive Deficit Procedure)","-1.2",""
"1998","Netherlands","Percentage of GDP","General government","Net lending (+)/Net borrowing (-) under the EDP (Excessive Deficit Procedure)","-0.9",""
"1999","Netherlands","Percentage of GDP","General government","Net lending (+)/Net borrowing (-) under the EDP (Excessive Deficit Procedure)","0.4",""
"2000","Netherlands","Percentage of GDP","General government","Net lending (+)/Net borrowing (-) under the EDP (Excessive Deficit Procedure)","2.0",""
"2001","Netherlands","Percentage of GDP","General government","Net lending (+)/Net borrowing (-) under the EDP (Excessive Deficit Procedure)","-0.2",""
"2002","Netherlands","Percentage of GDP","General government","Net lending (+)/Net borrowing (-) under the EDP (Excessive Deficit Procedure)","-2.1",""
"2003","Netherlands","Percentage of GDP","General government","Net lending (+)/Net borrowing (-) under the EDP (Excessive Deficit Procedure)","-3.1",""
"2004","Netherlands","Percentage of GDP","General government","Net lending (+)/Net borrowing (-) under the EDP (Excessive Deficit Procedure)","-1.7",""
"2005","Netherlands","Percentage of GDP","General government","Net lending (+)/Net borrowing (-) under the EDP (Excessive Deficit Procedure)","-0.3",""
"2006","Netherlands","Percentage of GDP","General government","Net lending (+)/Net borrowing (-) under the EDP (Excessive Deficit Procedure)","0.5",""
"2007","Netherlands","Percentage of GDP","General government","Net lending (+)/Net borrowing (-) under the EDP (Excessive Deficit Procedure)","0.2",""
"2008","Netherlands","Percentage of GDP","General government","Net lending (+)/Net borrowing (-) under the EDP (Excessive Deficit Procedure)","0.5",""
"2009","Netherlands","Percentage of GDP","General government","Net lending (+)/Net borrowing (-) under the EDP (Excessive Deficit Procedure)","-5.6",""
"2010","Netherlands","Percentage of GDP","General government","Net lending (+)/Net borrowing (-) under the EDP (Excessive Deficit Procedure)","-5.1",""
"2011","Netherlands","Percentage of GDP","General government","Net lending (+)/Net borrowing (-) under the EDP (Excessive Deficit Procedure)","-4.5",""
"1995","Austria","Percentage of GDP","General government","Net lending (+)/Net borrowing (-) under the EDP (Excessive Deficit Procedure)","-5.8",""
"1996","Austria","Percentage of GDP","General government","Net lending (+)/Net borrowing (-) under the EDP (Excessive Deficit Procedure)","-4.0",""
"1997","Austria","Percentage of GDP","General government","Net lending (+)/Net borrowing (-) under the EDP (Excessive Deficit Procedure)","-1.8",""
"1998","Austria","Percentage of GDP","General government","Net lending (+)/Net borrowing (-) under the EDP (Excessive Deficit Procedure)","-2.4",""
"1999","Austria","Percentage of GDP","General government","Net lending (+)/Net borrowing (-) under the EDP (Excessive Deficit Procedure)","-2.3",""
"2000","Austria","Percentage of GDP","General government","Net lending (+)/Net borrowing (-) under the EDP (Excessive Deficit Procedure)","-1.7",""
"2001","Austria","Percentage of GDP","General government","Net lending (+)/Net borrowing (-) under the EDP (Excessive Deficit Procedure)","0.0",""
"2002","Austria","Percentage of GDP","General government","Net lending (+)/Net borrowing (-) under the EDP (Excessive Deficit Procedure)","-0.7",""
"2003","Austria","Percentage of GDP","General government","Net lending (+)/Net borrowing (-) under the EDP (Excessive Deficit Procedure)","-1.5",""
"2004","Austria","Percentage of GDP","General government","Net lending (+)/Net borrowing (-) under the EDP (Excessive Deficit Procedure)","-4.4",""
"2005","Austria","Percentage of GDP","General government","Net lending (+)/Net borrowing (-) under the EDP (Excessive Deficit Procedure)","-1.7",""
"2006","Austria","Percentage of GDP","General government","Net lending (+)/Net borrowing (-) under the EDP (Excessive Deficit Procedure)","-1.5",""
"2007","Austria","Percentage of GDP","General government","Net lending (+)/Net borrowing (-) under the EDP (Excessive Deficit Procedure)","-0.9",""
"2008","Austria","Percentage of GDP","General government","Net lending (+)/Net borrowing (-) under the EDP (Excessive Deficit Procedure)","-0.9",""
"2009","Austria","Percentage of GDP","General government","Net lending (+)/Net borrowing (-) under the EDP (Excessive Deficit Procedure)","-4.1",""
"2010","Austria","Percentage of GDP","General government","Net lending (+)/Net borrowing (-) under the EDP (Excessive Deficit Procedure)","-4.5",""
"2011","Austria","Percentage of GDP","General government","Net lending (+)/Net borrowing (-) under the EDP (Excessive Deficit Procedure)","-2.5",""
"1995","Poland","Percentage of GDP","General government","Net lending (+)/Net borrowing (-) under the EDP (Excessive Deficit Procedure)","-4.4",""
"1996","Poland","Percentage of GDP","General government","Net lending (+)/Net borrowing (-) under the EDP (Excessive Deficit Procedure)","-4.9",""
"1997","Poland","Percentage of GDP","General government","Net lending (+)/Net borrowing (-) under the EDP (Excessive Deficit Procedure)","-4.6",""
"1998","Poland","Percentage of GDP","General government","Net lending (+)/Net borrowing (-) under the EDP (Excessive Deficit Procedure)","-4.3",""
"1999","Poland","Percentage of GDP","General government","Net lending (+)/Net borrowing (-) under the EDP (Excessive Deficit Procedure)","-2.3",""
"2000","Poland","Percentage of GDP","General government","Net lending (+)/Net borrowing (-) under the EDP (Excessive Deficit Procedure)","-3.0",""
"2001","Poland","Percentage of GDP","General government","Net lending (+)/Net borrowing (-) under the EDP (Excessive Deficit Procedure)","-5.3",""
"2002","Poland","Percentage of GDP","General government","Net lending (+)/Net borrowing (-) under the EDP (Excessive Deficit Procedure)","-5.0",""
"2003","Poland","Percentage of GDP","General government","Net lending (+)/Net borrowing (-) under the EDP (Excessive Deficit Procedure)","-6.2",""
"2004","Poland","Percentage of GDP","General government","Net lending (+)/Net borrowing (-) under the EDP (Excessive Deficit Procedure)","-5.4",""
"2005","Poland","Percentage of GDP","General government","Net lending (+)/Net borrowing (-) under the EDP (Excessive Deficit Procedure)","-4.1",""
"2006","Poland","Percentage of GDP","General government","Net lending (+)/Net borrowing (-) under the EDP (Excessive Deficit Procedure)","-3.6",""
"2007","Poland","Percentage of GDP","General government","Net lending (+)/Net borrowing (-) under the EDP (Excessive Deficit Procedure)","-1.9",""
"2008","Poland","Percentage of GDP","General government","Net lending (+)/Net borrowing (-) under the EDP (Excessive Deficit Procedure)","-3.7",""
"2009","Poland","Percentage of GDP","General government","Net lending (+)/Net borrowing (-) under the EDP (Excessive Deficit Procedure)","-7.4",""
"2010","Poland","Percentage of GDP","General government","Net lending (+)/Net borrowing (-) under the EDP (Excessive Deficit Procedure)","-7.9",""
"2011","Poland","Percentage of GDP","General government","Net lending (+)/Net borrowing (-) under the EDP (Excessive Deficit Procedure)","-5.0",""
"1995","Portugal","Percentage of GDP","General government","Net lending (+)/Net borrowing (-) under the EDP (Excessive Deficit Procedure)","-5.4",""
"1996","Portugal","Percentage of GDP","General government","Net lending (+)/Net borrowing (-) under the EDP (Excessive Deficit Procedure)","-4.9",""
"1997","Portugal","Percentage of GDP","General government","Net lending (+)/Net borrowing (-) under the EDP (Excessive Deficit Procedure)","-3.7",""
"1998","Portugal","Percentage of GDP","General government","Net lending (+)/Net borrowing (-) under the EDP (Excessive Deficit Procedure)","-3.9",""
"1999","Portugal","Percentage of GDP","General government","Net lending (+)/Net borrowing (-) under the EDP (Excessive Deficit Procedure)","-3.1",""
"2000","Portugal","Percentage of GDP","General government","Net lending (+)/Net borrowing (-) under the EDP (Excessive Deficit Procedure)","-3.3",""
"2001","Portugal","Percentage of GDP","General government","Net lending (+)/Net borrowing (-) under the EDP (Excessive Deficit Procedure)","-4.8",""
"2002","Portugal","Percentage of GDP","General government","Net lending (+)/Net borrowing (-) under the EDP (Excessive Deficit Procedure)","-3.4",""
"2003","Portugal","Percentage of GDP","General government","Net lending (+)/Net borrowing (-) under the EDP (Excessive Deficit Procedure)","-3.7",""
"2004","Portugal","Percentage of GDP","General government","Net lending (+)/Net borrowing (-) under the EDP (Excessive Deficit Procedure)","-4.0",""
"2005","Portugal","Percentage of GDP","General government","Net lending (+)/Net borrowing (-) under the EDP (Excessive Deficit Procedure)","-6.5",""
"2006","Portugal","Percentage of GDP","General government","Net lending (+)/Net borrowing (-) under the EDP (Excessive Deficit Procedure)","-4.6",""
"2007","Portugal","Percentage of GDP","General government","Net lending (+)/Net borrowing (-) under the EDP (Excessive Deficit Procedure)","-3.1",""
"2008","Portugal","Percentage of GDP","General government","Net lending (+)/Net borrowing (-) under the EDP (Excessive Deficit Procedure)","-3.6",""
"2009","Portugal","Percentage of GDP","General government","Net lending (+)/Net borrowing (-) under the EDP (Excessive Deficit Procedure)","-10.2",""
"2010","Portugal","Percentage of GDP","General government","Net lending (+)/Net borrowing (-) under the EDP (Excessive Deficit Procedure)","-9.8",""
"2011","Portugal","Percentage of GDP","General government","Net lending (+)/Net borrowing (-) under the EDP (Excessive Deficit Procedure)","-4.4",""
"1995","Romania","Percentage of GDP","General government","Net lending (+)/Net borrowing (-) under the EDP (Excessive Deficit Procedure)","-2.0",""
"1996","Romania","Percentage of GDP","General government","Net lending (+)/Net borrowing (-) under the EDP (Excessive Deficit Procedure)","-3.6",""
"1997","Romania","Percentage of GDP","General government","Net lending (+)/Net borrowing (-) under the EDP (Excessive Deficit Procedure)","-4.4",""
"1998","Romania","Percentage of GDP","General government","Net lending (+)/Net borrowing (-) under the EDP (Excessive Deficit Procedure)","-3.2",""
"1999","Romania","Percentage of GDP","General government","Net lending (+)/Net borrowing (-) under the EDP (Excessive Deficit Procedure)","-4.4",""
"2000","Romania","Percentage of GDP","General government","Net lending (+)/Net borrowing (-) under the EDP (Excessive Deficit Procedure)","-4.7",""
"2001","Romania","Percentage of GDP","General government","Net lending (+)/Net borrowing (-) under the EDP (Excessive Deficit Procedure)","-3.5",""
"2002","Romania","Percentage of GDP","General government","Net lending (+)/Net borrowing (-) under the EDP (Excessive Deficit Procedure)","-2.0",""
"2003","Romania","Percentage of GDP","General government","Net lending (+)/Net borrowing (-) under the EDP (Excessive Deficit Procedure)","-1.5",""
"2004","Romania","Percentage of GDP","General government","Net lending (+)/Net borrowing (-) under the EDP (Excessive Deficit Procedure)","-1.2",""
"2005","Romania","Percentage of GDP","General government","Net lending (+)/Net borrowing (-) under the EDP (Excessive Deficit Procedure)","-1.2",""
"2006","Romania","Percentage of GDP","General government","Net lending (+)/Net borrowing (-) under the EDP (Excessive Deficit Procedure)","-2.2",""
"2007","Romania","Percentage of GDP","General government","Net lending (+)/Net borrowing (-) under the EDP (Excessive Deficit Procedure)","-2.9",""
"2008","Romania","Percentage of GDP","General government","Net lending (+)/Net borrowing (-) under the EDP (Excessive Deficit Procedure)","-5.7",""
"2009","Romania","Percentage of GDP","General government","Net lending (+)/Net borrowing (-) under the EDP (Excessive Deficit Procedure)","-9.0",""
"2010","Romania","Percentage of GDP","General government","Net lending (+)/Net borrowing (-) under the EDP (Excessive Deficit Procedure)","-6.8",""
"2011","Romania","Percentage of GDP","General government","Net lending (+)/Net borrowing (-) under the EDP (Excessive Deficit Procedure)","-5.5",""
"1995","Slovenia","Percentage of GDP","General government","Net lending (+)/Net borrowing (-) under the EDP (Excessive Deficit Procedure)","-8.3",""
"1996","Slovenia","Percentage of GDP","General government","Net lending (+)/Net borrowing (-) under the EDP (Excessive Deficit Procedure)","-1.1",""
"1997","Slovenia","Percentage of GDP","General government","Net lending (+)/Net borrowing (-) under the EDP (Excessive Deficit Procedure)","-2.3",""
"1998","Slovenia","Percentage of GDP","General government","Net lending (+)/Net borrowing (-) under the EDP (Excessive Deficit Procedure)","-2.4",""
"1999","Slovenia","Percentage of GDP","General government","Net lending (+)/Net borrowing (-) under the EDP (Excessive Deficit Procedure)","-3.0",""
"2000","Slovenia","Percentage of GDP","General government","Net lending (+)/Net borrowing (-) under the EDP (Excessive Deficit Procedure)","-3.7",""
"2001","Slovenia","Percentage of GDP","General government","Net lending (+)/Net borrowing (-) under the EDP (Excessive Deficit Procedure)","-4.0",""
"2002","Slovenia","Percentage of GDP","General government","Net lending (+)/Net borrowing (-) under the EDP (Excessive Deficit Procedure)","-2.4",""
"2003","Slovenia","Percentage of GDP","General government","Net lending (+)/Net borrowing (-) under the EDP (Excessive Deficit Procedure)","-2.7",""
"2004","Slovenia","Percentage of GDP","General government","Net lending (+)/Net borrowing (-) under the EDP (Excessive Deficit Procedure)","-2.3",""
"2005","Slovenia","Percentage of GDP","General government","Net lending (+)/Net borrowing (-) under the EDP (Excessive Deficit Procedure)","-1.5",""
"2006","Slovenia","Percentage of GDP","General government","Net lending (+)/Net borrowing (-) under the EDP (Excessive Deficit Procedure)","-1.4",""
"2007","Slovenia","Percentage of GDP","General government","Net lending (+)/Net borrowing (-) under the EDP (Excessive Deficit Procedure)","0.0",""
"2008","Slovenia","Percentage of GDP","General government","Net lending (+)/Net borrowing (-) under the EDP (Excessive Deficit Procedure)","-1.9",""
"2009","Slovenia","Percentage of GDP","General government","Net lending (+)/Net borrowing (-) under the EDP (Excessive Deficit Procedure)","-6.0",""
"2010","Slovenia","Percentage of GDP","General government","Net lending (+)/Net borrowing (-) under the EDP (Excessive Deficit Procedure)","-5.7",""
"2011","Slovenia","Percentage of GDP","General government","Net lending (+)/Net borrowing (-) under the EDP (Excessive Deficit Procedure)","-6.4",""
"1995","Slovakia","Percentage of GDP","General government","Net lending (+)/Net borrowing (-) under the EDP (Excessive Deficit Procedure)","-3.4",""
"1996","Slovakia","Percentage of GDP","General government","Net lending (+)/Net borrowing (-) under the EDP (Excessive Deficit Procedure)","-9.9",""
"1997","Slovakia","Percentage of GDP","General government","Net lending (+)/Net borrowing (-) under the EDP (Excessive Deficit Procedure)","-6.3",""
"1998","Slovakia","Percentage of GDP","General government","Net lending (+)/Net borrowing (-) under the EDP (Excessive Deficit Procedure)","-5.3",""
"1999","Slovakia","Percentage of GDP","General government","Net lending (+)/Net borrowing (-) under the EDP (Excessive Deficit Procedure)","-7.4",""
"2000","Slovakia","Percentage of GDP","General government","Net lending (+)/Net borrowing (-) under the EDP (Excessive Deficit Procedure)","-12.3",""
"2001","Slovakia","Percentage of GDP","General government","Net lending (+)/Net borrowing (-) under the EDP (Excessive Deficit Procedure)","-6.5",""
"2002","Slovakia","Percentage of GDP","General government","Net lending (+)/Net borrowing (-) under the EDP (Excessive Deficit Procedure)","-8.2",""
"2003","Slovakia","Percentage of GDP","General government","Net lending (+)/Net borrowing (-) under the EDP (Excessive Deficit Procedure)","-2.8",""
"2004","Slovakia","Percentage of GDP","General government","Net lending (+)/Net borrowing (-) under the EDP (Excessive Deficit Procedure)","-2.4",""
"2005","Slovakia","Percentage of GDP","General government","Net lending (+)/Net borrowing (-) under the EDP (Excessive Deficit Procedure)","-2.8",""
"2006","Slovakia","Percentage of GDP","General government","Net lending (+)/Net borrowing (-) under the EDP (Excessive Deficit Procedure)","-3.2",""
"2007","Slovakia","Percentage of GDP","General government","Net lending (+)/Net borrowing (-) under the EDP (Excessive Deficit Procedure)","-1.8",""
"2008","Slovakia","Percentage of GDP","General government","Net lending (+)/Net borrowing (-) under the EDP (Excessive Deficit Procedure)","-2.1",""
"2009","Slovakia","Percentage of GDP","General government","Net lending (+)/Net borrowing (-) under the EDP (Excessive Deficit Procedure)","-8.0",""
"2010","Slovakia","Percentage of GDP","General government","Net lending (+)/Net borrowing (-) under the EDP (Excessive Deficit Procedure)","-7.7",""
"2011","Slovakia","Percentage of GDP","General government","Net lending (+)/Net borrowing (-) under the EDP (Excessive Deficit Procedure)","-4.9",""
"1995","Finland","Percentage of GDP","General government","Net lending (+)/Net borrowing (-) under the EDP (Excessive Deficit Procedure)","-6.1",""
"1996","Finland","Percentage of GDP","General government","Net lending (+)/Net borrowing (-) under the EDP (Excessive Deficit Procedure)","-3.4",""
"1997","Finland","Percentage of GDP","General government","Net lending (+)/Net borrowing (-) under the EDP (Excessive Deficit Procedure)","-1.3",""
"1998","Finland","Percentage of GDP","General government","Net lending (+)/Net borrowing (-) under the EDP (Excessive Deficit Procedure)","1.7",""
"1999","Finland","Percentage of GDP","General government","Net lending (+)/Net borrowing (-) under the EDP (Excessive Deficit Procedure)","1.7",""
"2000","Finland","Percentage of GDP","General government","Net lending (+)/Net borrowing (-) under the EDP (Excessive Deficit Procedure)","7.0",""
"2001","Finland","Percentage of GDP","General government","Net lending (+)/Net borrowing (-) under the EDP (Excessive Deficit Procedure)","5.1",""
"2002","Finland","Percentage of GDP","General government","Net lending (+)/Net borrowing (-) under the EDP (Excessive Deficit Procedure)","4.2",""
"2003","Finland","Percentage of GDP","General government","Net lending (+)/Net borrowing (-) under the EDP (Excessive Deficit Procedure)","2.6",""
"2004","Finland","Percentage of GDP","General government","Net lending (+)/Net borrowing (-) under the EDP (Excessive Deficit Procedure)","2.5",""
"2005","Finland","Percentage of GDP","General government","Net lending (+)/Net borrowing (-) under the EDP (Excessive Deficit Procedure)","2.9",""
"2006","Finland","Percentage of GDP","General government","Net lending (+)/Net borrowing (-) under the EDP (Excessive Deficit Procedure)","4.2",""
"2007","Finland","Percentage of GDP","General government","Net lending (+)/Net borrowing (-) under the EDP (Excessive Deficit Procedure)","5.3",""
"2008","Finland","Percentage of GDP","General government","Net lending (+)/Net borrowing (-) under the EDP (Excessive Deficit Procedure)","4.4",""
"2009","Finland","Percentage of GDP","General government","Net lending (+)/Net borrowing (-) under the EDP (Excessive Deficit Procedure)","-2.5",""
"2010","Finland","Percentage of GDP","General government","Net lending (+)/Net borrowing (-) under the EDP (Excessive Deficit Procedure)","-2.5",""
"2011","Finland","Percentage of GDP","General government","Net lending (+)/Net borrowing (-) under the EDP (Excessive Deficit Procedure)","-0.6",""
"1995","Sweden","Percentage of GDP","General government","Net lending (+)/Net borrowing (-) under the EDP (Excessive Deficit Procedure)","-7.4",""
"1996","Sweden","Percentage of GDP","General government","Net lending (+)/Net borrowing (-) under the EDP (Excessive Deficit Procedure)","-3.2",""
"1997","Sweden","Percentage of GDP","General government","Net lending (+)/Net borrowing (-) under the EDP (Excessive Deficit Procedure)","-1.5",""
"1998","Sweden","Percentage of GDP","General government","Net lending (+)/Net borrowing (-) under the EDP (Excessive Deficit Procedure)","0.7",""
"1999","Sweden","Percentage of GDP","General government","Net lending (+)/Net borrowing (-) under the EDP (Excessive Deficit Procedure)","0.9",""
"2000","Sweden","Percentage of GDP","General government","Net lending (+)/Net borrowing (-) under the EDP (Excessive Deficit Procedure)","3.6",""
"2001","Sweden","Percentage of GDP","General government","Net lending (+)/Net borrowing (-) under the EDP (Excessive Deficit Procedure)","1.5",""
"2002","Sweden","Percentage of GDP","General government","Net lending (+)/Net borrowing (-) under the EDP (Excessive Deficit Procedure)","-1.3",""
"2003","Sweden","Percentage of GDP","General government","Net lending (+)/Net borrowing (-) under the EDP (Excessive Deficit Procedure)","-1.0",""
"2004","Sweden","Percentage of GDP","General government","Net lending (+)/Net borrowing (-) under the EDP (Excessive Deficit Procedure)","0.6",""
"2005","Sweden","Percentage of GDP","General government","Net lending (+)/Net borrowing (-) under the EDP (Excessive Deficit Procedure)","2.2",""
"2006","Sweden","Percentage of GDP","General government","Net lending (+)/Net borrowing (-) under the EDP (Excessive Deficit Procedure)","2.3",""
"2007","Sweden","Percentage of GDP","General government","Net lending (+)/Net borrowing (-) under the EDP (Excessive Deficit Procedure)","3.6",""
"2008","Sweden","Percentage of GDP","General government","Net lending (+)/Net borrowing (-) under the EDP (Excessive Deficit Procedure)","2.2",""
"2009","Sweden","Percentage of GDP","General government","Net lending (+)/Net borrowing (-) under the EDP (Excessive Deficit Procedure)","-0.7",""
"2010","Sweden","Percentage of GDP","General government","Net lending (+)/Net borrowing (-) under the EDP (Excessive Deficit Procedure)","0.3",""
"2011","Sweden","Percentage of GDP","General government","Net lending (+)/Net borrowing (-) under the EDP (Excessive Deficit Procedure)","0.4",""
"1995","United Kingdom","Percentage of GDP","General government","Net lending (+)/Net borrowing (-) under the EDP (Excessive Deficit Procedure)","-5.9",""
"1996","United Kingdom","Percentage of GDP","General government","Net lending (+)/Net borrowing (-) under the EDP (Excessive Deficit Procedure)","-4.3",""
"1997","United Kingdom","Percentage of GDP","General government","Net lending (+)/Net borrowing (-) under the EDP (Excessive Deficit Procedure)","-2.2",""
"1998","United Kingdom","Percentage of GDP","General government","Net lending (+)/Net borrowing (-) under the EDP (Excessive Deficit Procedure)","-0.1",""
"1999","United Kingdom","Percentage of GDP","General government","Net lending (+)/Net borrowing (-) under the EDP (Excessive Deficit Procedure)","0.9",""
"2000","United Kingdom","Percentage of GDP","General government","Net lending (+)/Net borrowing (-) under the EDP (Excessive Deficit Procedure)","3.6",""
"2001","United Kingdom","Percentage of GDP","General government","Net lending (+)/Net borrowing (-) under the EDP (Excessive Deficit Procedure)","0.5",""
"2002","United Kingdom","Percentage of GDP","General government","Net lending (+)/Net borrowing (-) under the EDP (Excessive Deficit Procedure)","-2.1",""
"2003","United Kingdom","Percentage of GDP","General government","Net lending (+)/Net borrowing (-) under the EDP (Excessive Deficit Procedure)","-3.4",""
"2004","United Kingdom","Percentage of GDP","General government","Net lending (+)/Net borrowing (-) under the EDP (Excessive Deficit Procedure)","-3.5",""
"2005","United Kingdom","Percentage of GDP","General government","Net lending (+)/Net borrowing (-) under the EDP (Excessive Deficit Procedure)","-3.4",""
"2006","United Kingdom","Percentage of GDP","General government","Net lending (+)/Net borrowing (-) under the EDP (Excessive Deficit Procedure)","-2.7",""
"2007","United Kingdom","Percentage of GDP","General government","Net lending (+)/Net borrowing (-) under the EDP (Excessive Deficit Procedure)","-2.8",""
"2008","United Kingdom","Percentage of GDP","General government","Net lending (+)/Net borrowing (-) under the EDP (Excessive Deficit Procedure)","-5.1",""
"2009","United Kingdom","Percentage of GDP","General government","Net lending (+)/Net borrowing (-) under the EDP (Excessive Deficit Procedure)","-11.5",""
"2010","United Kingdom","Percentage of GDP","General government","Net lending (+)/Net borrowing (-) under the EDP (Excessive Deficit Procedure)","-10.2",""
"2011","United Kingdom","Percentage of GDP","General government","Net lending (+)/Net borrowing (-) under the EDP (Excessive Deficit Procedure)","-7.8",""
"1995","Iceland","Percentage of GDP","General government","Net lending (+)/Net borrowing (-) under the EDP (Excessive Deficit Procedure)",":",""
"1996","Iceland","Percentage of GDP","General government","Net lending (+)/Net borrowing (-) under the EDP (Excessive Deficit Procedure)",":",""
"1997","Iceland","Percentage of GDP","General government","Net lending (+)/Net borrowing (-) under the EDP (Excessive Deficit Procedure)",":",""
"1998","Iceland","Percentage of GDP","General government","Net lending (+)/Net borrowing (-) under the EDP (Excessive Deficit Procedure)",":",""
"1999","Iceland","Percentage of GDP","General government","Net lending (+)/Net borrowing (-) under the EDP (Excessive Deficit Procedure)",":",""
"2000","Iceland","Percentage of GDP","General government","Net lending (+)/Net borrowing (-) under the EDP (Excessive Deficit Procedure)",":",""
"2001","Iceland","Percentage of GDP","General government","Net lending (+)/Net borrowing (-) under the EDP (Excessive Deficit Procedure)",":",""
"2002","Iceland","Percentage of GDP","General government","Net lending (+)/Net borrowing (-) under the EDP (Excessive Deficit Procedure)",":",""
"2003","Iceland","Percentage of GDP","General government","Net lending (+)/Net borrowing (-) under the EDP (Excessive Deficit Procedure)",":",""
"2004","Iceland","Percentage of GDP","General government","Net lending (+)/Net borrowing (-) under the EDP (Excessive Deficit Procedure)",":",""
"2005","Iceland","Percentage of GDP","General government","Net lending (+)/Net borrowing (-) under the EDP (Excessive Deficit Procedure)","4.9",""
"2006","Iceland","Percentage of GDP","General government","Net lending (+)/Net borrowing (-) under the EDP (Excessive Deficit Procedure)","6.3",""
"2007","Iceland","Percentage of GDP","General government","Net lending (+)/Net borrowing (-) under the EDP (Excessive Deficit Procedure)","5.4",""
"2008","Iceland","Percentage of GDP","General government","Net lending (+)/Net borrowing (-) under the EDP (Excessive Deficit Procedure)","-13.5",""
"2009","Iceland","Percentage of GDP","General government","Net lending (+)/Net borrowing (-) under the EDP (Excessive Deficit Procedure)","-10.0",""
"2010","Iceland","Percentage of GDP","General government","Net lending (+)/Net borrowing (-) under the EDP (Excessive Deficit Procedure)","-10.1",""
"2011","Iceland","Percentage of GDP","General government","Net lending (+)/Net borrowing (-) under the EDP (Excessive Deficit Procedure)","-4.4",""
"1995","Norway","Percentage of GDP","General government","Net lending (+)/Net borrowing (-) under the EDP (Excessive Deficit Procedure)",":",""
"1996","Norway","Percentage of GDP","General government","Net lending (+)/Net borrowing (-) under the EDP (Excessive Deficit Procedure)",":",""
"1997","Norway","Percentage of GDP","General government","Net lending (+)/Net borrowing (-) under the EDP (Excessive Deficit Procedure)",":",""
"1998","Norway","Percentage of GDP","General government","Net lending (+)/Net borrowing (-) under the EDP (Excessive Deficit Procedure)",":",""
"1999","Norway","Percentage of GDP","General government","Net lending (+)/Net borrowing (-) under the EDP (Excessive Deficit Procedure)",":",""
"2000","Norway","Percentage of GDP","General government","Net lending (+)/Net borrowing (-) under the EDP (Excessive Deficit Procedure)",":",""
"2001","Norway","Percentage of GDP","General government","Net lending (+)/Net borrowing (-) under the EDP (Excessive Deficit Procedure)","13.5",""
"2002","Norway","Percentage of GDP","General government","Net lending (+)/Net borrowing (-) under the EDP (Excessive Deficit Procedure)","9.3",""
"2003","Norway","Percentage of GDP","General government","Net lending (+)/Net borrowing (-) under the EDP (Excessive Deficit Procedure)","7.3",""
"2004","Norway","Percentage of GDP","General government","Net lending (+)/Net borrowing (-) under the EDP (Excessive Deficit Procedure)","11.1",""
"2005","Norway","Percentage of GDP","General government","Net lending (+)/Net borrowing (-) under the EDP (Excessive Deficit Procedure)","15.1",""
"2006","Norway","Percentage of GDP","General government","Net lending (+)/Net borrowing (-) under the EDP (Excessive Deficit Procedure)","18.5",""
"2007","Norway","Percentage of GDP","General government","Net lending (+)/Net borrowing (-) under the EDP (Excessive Deficit Procedure)","17.5",""
"2008","Norway","Percentage of GDP","General government","Net lending (+)/Net borrowing (-) under the EDP (Excessive Deficit Procedure)","18.8",""
"2009","Norway","Percentage of GDP","General government","Net lending (+)/Net borrowing (-) under the EDP (Excessive Deficit Procedure)","10.6",""
"2010","Norway","Percentage of GDP","General government","Net lending (+)/Net borrowing (-) under the EDP (Excessive Deficit Procedure)","11.2",""
"2011","Norway","Percentage of GDP","General government","Net lending (+)/Net borrowing (-) under the EDP (Excessive Deficit Procedure)","13.6",""
"1995","Croatia","Percentage of GDP","General government","Net lending (+)/Net borrowing (-) under the EDP (Excessive Deficit Procedure)",":",""
"1996","Croatia","Percentage of GDP","General government","Net lending (+)/Net borrowing (-) under the EDP (Excessive Deficit Procedure)",":",""
"1997","Croatia","Percentage of GDP","General government","Net lending (+)/Net borrowing (-) under the EDP (Excessive Deficit Procedure)",":",""
"1998","Croatia","Percentage of GDP","General government","Net lending (+)/Net borrowing (-) under the EDP (Excessive Deficit Procedure)",":",""
"1999","Croatia","Percentage of GDP","General government","Net lending (+)/Net borrowing (-) under the EDP (Excessive Deficit Procedure)",":",""
"2000","Croatia","Percentage of GDP","General government","Net lending (+)/Net borrowing (-) under the EDP (Excessive Deficit Procedure)",":",""
"2001","Croatia","Percentage of GDP","General government","Net lending (+)/Net borrowing (-) under the EDP (Excessive Deficit Procedure)",":",""
"2002","Croatia","Percentage of GDP","General government","Net lending (+)/Net borrowing (-) under the EDP (Excessive Deficit Procedure)","-4.1",""
"2003","Croatia","Percentage of GDP","General government","Net lending (+)/Net borrowing (-) under the EDP (Excessive Deficit Procedure)","-4.5",""
"2004","Croatia","Percentage of GDP","General government","Net lending (+)/Net borrowing (-) under the EDP (Excessive Deficit Procedure)","-4.3",""
"2005","Croatia","Percentage of GDP","General government","Net lending (+)/Net borrowing (-) under the EDP (Excessive Deficit Procedure)","-4.0",""
"2006","Croatia","Percentage of GDP","General government","Net lending (+)/Net borrowing (-) under the EDP (Excessive Deficit Procedure)","-3.0",""
"2007","Croatia","Percentage of GDP","General government","Net lending (+)/Net borrowing (-) under the EDP (Excessive Deficit Procedure)","-2.5",""
"2008","Croatia","Percentage of GDP","General government","Net lending (+)/Net borrowing (-) under the EDP (Excessive Deficit Procedure)","-1.4",""
"2009","Croatia","Percentage of GDP","General government","Net lending (+)/Net borrowing (-) under the EDP (Excessive Deficit Procedure)","-4.1",""
"2010","Croatia","Percentage of GDP","General government","Net lending (+)/Net borrowing (-) under the EDP (Excessive Deficit Procedure)",":",""
"2011","Croatia","Percentage of GDP","General government","Net lending (+)/Net borrowing (-) under the EDP (Excessive Deficit Procedure)",":",""
"1995","Former Yugoslav Republic of Macedonia, the","Percentage of GDP","General government","Net lending (+)/Net borrowing (-) under the EDP (Excessive Deficit Procedure)",":",""
"1996","Former Yugoslav Republic of Macedonia, the","Percentage of GDP","General government","Net lending (+)/Net borrowing (-) under the EDP (Excessive Deficit Procedure)",":",""
"1997","Former Yugoslav Republic of Macedonia, the","Percentage of GDP","General government","Net lending (+)/Net borrowing (-) under the EDP (Excessive Deficit Procedure)",":",""
"1998","Former Yugoslav Republic of Macedonia, the","Percentage of GDP","General government","Net lending (+)/Net borrowing (-) under the EDP (Excessive Deficit Procedure)",":",""
"1999","Former Yugoslav Republic of Macedonia, the","Percentage of GDP","General government","Net lending (+)/Net borrowing (-) under the EDP (Excessive Deficit Procedure)",":",""
"2000","Former Yugoslav Republic of Macedonia, the","Percentage of GDP","General government","Net lending (+)/Net borrowing (-) under the EDP (Excessive Deficit Procedure)",":",""
"2001","Former Yugoslav Republic of Macedonia, the","Percentage of GDP","General government","Net lending (+)/Net borrowing (-) under the EDP (Excessive Deficit Procedure)",":",""
"2002","Former Yugoslav Republic of Macedonia, the","Percentage of GDP","General government","Net lending (+)/Net borrowing (-) under the EDP (Excessive Deficit Procedure)",":",""
"2003","Former Yugoslav Republic of Macedonia, the","Percentage of GDP","General government","Net lending (+)/Net borrowing (-) under the EDP (Excessive Deficit Procedure)",":",""
"2004","Former Yugoslav Republic of Macedonia, the","Percentage of GDP","General government","Net lending (+)/Net borrowing (-) under the EDP (Excessive Deficit Procedure)",":",""
"2005","Former Yugoslav Republic of Macedonia, the","Percentage of GDP","General government","Net lending (+)/Net borrowing (-) under the EDP (Excessive Deficit Procedure)",":",""
"2006","Former Yugoslav Republic of Macedonia, the","Percentage of GDP","General government","Net lending (+)/Net borrowing (-) under the EDP (Excessive Deficit Procedure)",":",""
"2007","Former Yugoslav Republic of Macedonia, the","Percentage of GDP","General government","Net lending (+)/Net borrowing (-) under the EDP (Excessive Deficit Procedure)",":",""
"2008","Former Yugoslav Republic of Macedonia, the","Percentage of GDP","General government","Net lending (+)/Net borrowing (-) under the EDP (Excessive Deficit Procedure)",":",""
"2009","Former Yugoslav Republic of Macedonia, the","Percentage of GDP","General government","Net lending (+)/Net borrowing (-) under the EDP (Excessive Deficit Procedure)",":",""
"2010","Former Yugoslav Republic of Macedonia, the","Percentage of GDP","General government","Net lending (+)/Net borrowing (-) under the EDP (Excessive Deficit Procedure)",":",""
"2011","Former Yugoslav Republic of Macedonia, the","Percentage of GDP","General government","Net lending (+)/Net borrowing (-) under the EDP (Excessive Deficit Procedure)",":",""
"1995","Turkey","Percentage of GDP","General government","Net lending (+)/Net borrowing (-) under the EDP (Excessive Deficit Procedure)",":",""
"1996","Turkey","Percentage of GDP","General government","Net lending (+)/Net borrowing (-) under the EDP (Excessive Deficit Procedure)",":",""
"1997","Turkey","Percentage of GDP","General government","Net lending (+)/Net borrowing (-) under the EDP (Excessive Deficit Procedure)",":",""
"1998","Turkey","Percentage of GDP","General government","Net lending (+)/Net borrowing (-) under the EDP (Excessive Deficit Procedure)",":",""
"1999","Turkey","Percentage of GDP","General government","Net lending (+)/Net borrowing (-) under the EDP (Excessive Deficit Procedure)",":",""
"2000","Turkey","Percentage of GDP","General government","Net lending (+)/Net borrowing (-) under the EDP (Excessive Deficit Procedure)","-6.8",""
"2001","Turkey","Percentage of GDP","General government","Net lending (+)/Net borrowing (-) under the EDP (Excessive Deficit Procedure)","-23.9",""
"2002","Turkey","Percentage of GDP","General government","Net lending (+)/Net borrowing (-) under the EDP (Excessive Deficit Procedure)","-10.2",""
"2003","Turkey","Percentage of GDP","General government","Net lending (+)/Net borrowing (-) under the EDP (Excessive Deficit Procedure)","-9.0",""
"2004","Turkey","Percentage of GDP","General government","Net lending (+)/Net borrowing (-) under the EDP (Excessive Deficit Procedure)","-4.4",""
"2005","Turkey","Percentage of GDP","General government","Net lending (+)/Net borrowing (-) under the EDP (Excessive Deficit Procedure)","-1.2",""
"2006","Turkey","Percentage of GDP","General government","Net lending (+)/Net borrowing (-) under the EDP (Excessive Deficit Procedure)","0.8",""
"2007","Turkey","Percentage of GDP","General government","Net lending (+)/Net borrowing (-) under the EDP (Excessive Deficit Procedure)","-1.5",""
"2008","Turkey","Percentage of GDP","General government","Net lending (+)/Net borrowing (-) under the EDP (Excessive Deficit Procedure)","-2.8",""
"2009","Turkey","Percentage of GDP","General government","Net lending (+)/Net borrowing (-) under the EDP (Excessive Deficit Procedure)","-7.0",""
"2010","Turkey","Percentage of GDP","General government","Net lending (+)/Net borrowing (-) under the EDP (Excessive Deficit Procedure)","-2.6",""
"2011","Turkey","Percentage of GDP","General government","Net lending (+)/Net borrowing (-) under the EDP (Excessive Deficit Procedure)",":",""
